Window, Target Return, In-sample Mean, In-sample Covariance, Out-sample Mean, Out-sample Covariance
1, 0, 0.00493629, 0.00313023, 0.00236252, 0.000998416
1, 0.005, 0.0148091, 0.00329203, 0.0147942, 0.00237337
1, 0.01, 0.024633, 0.00348352, 0.0272016, 0.00478878
1, 0.015, 0.0344508, 0.00377555, 0.0395896, 0.00826203
1, 0.02, 0.0442715, 0.00414949, 0.0519917, 0.0127941
1, 0.025, 0.0541012, 0.00462217, 0.0644021, 0.0183956
1, 0.03, 0.0639365, 0.00520638, 0.0768034, 0.0250692
1, 0.035, 0.0737665, 0.00591228, 0.0891672, 0.0328044
1, 0.04, 0.0835743, 0.0067483, 0.101456, 0.0415739
1, 0.045, 0.0933375, 0.00772269, 0.113626, 0.051331
1, 0.05, 0.103028, 0.00884519, 0.125623, 0.0620062
1, 0.055, 0.112616, 0.0101261, 0.13739, 0.073511
1, 0.06, 0.122077, 0.0115697, 0.148892, 0.0857592
1, 0.065, 0.131409, 0.0131694, 0.160142, 0.0986981
1, 0.07, 0.140626, 0.0149111, 0.171182, 0.112315
1, 0.075, 0.149748, 0.0167815, 0.18206, 0.126617
1, 0.08, 0.158794, 0.0187708, 0.192819, 0.14162
1, 0.085, 0.167782, 0.0208725, 0.20349, 0.15734
1, 0.09, 0.176725, 0.023082, 0.214098, 0.173796
1, 0.095, 0.185639, 0.0253954, 0.224668, 0.191009
2, 0, 0.00771297, 0.00321548, 0.0103245, 0.00116698
2, 0.005, 0.0220073, 0.00348451, 0.014475, 0.000924
2, 0.01, 0.0361722, 0.00386629, 0.0186943, 0.00112646
2, 0.015, 0.0502702, 0.00435989, 0.0229406, 0.00176449
2, 0.02, 0.0643168, 0.00497617, 0.0272301, 0.00283211
2, 0.025, 0.0783161, 0.00572286, 0.0315772, 0.00431931
2, 0.03, 0.0922563, 0.00661294, 0.0360171, 0.00620779
2, 0.035, 0.106113, 0.00765621, 0.0405846, 0.00846969
2, 0.04, 0.119846, 0.00886544, 0.0453286, 0.0110634
2, 0.045, 0.133398, 0.0102578, 0.0503143, 0.0139294
2, 0.05, 0.146704, 0.0118524, 0.055607, 0.0169952
2, 0.055, 0.159725, 0.0136629, 0.061234, 0.0201984
2, 0.06, 0.172478, 0.0156903, 0.0671539, 0.0235153
2, 0.065, 0.185035, 0.0179239, 0.0732728, 0.0269665
2, 0.07, 0.197495, 0.020347, 0.0794834, 0.0305995
2, 0.075, 0.209955, 0.0229386, 0.0856881, 0.0344729
2, 0.08, 0.2225, 0.0256722, 0.0918038, 0.0386498
2, 0.085, 0.23519, 0.0285135, 0.0977636, 0.0431918
2, 0.09, 0.248055, 0.0314218, 0.103518, 0.0481545
2, 0.095, 0.261088, 0.0343526, 0.10904, 0.05358
3, 0, 0.00756853, 0.00275086, 0.0134832, 0.000224999
3, 0.005, 0.0210276, 0.00300043, 0.0170952, 0.000479695
3, 0.01, 0.0343896, 0.00335147, 0.0205738, 0.00115374
3, 0.015, 0.0477046, 0.00381475, 0.0239905, 0.00224421
3, 0.02, 0.0609891, 0.0044057, 0.0273778, 0.00374928
3, 0.025, 0.0742422, 0.00514107, 0.0307479, 0.00566522
3, 0.03, 0.087447, 0.0060351, 0.0340929, 0.00798458
3, 0.035, 0.100572, 0.00710828, 0.0373949, 0.0106943
3, 0.04, 0.113571, 0.00838694, 0.0406291, 0.0137742
3, 0.045, 0.126399, 0.00989758, 0.0437793, 0.0171996
3, 0.05, 0.139044, 0.0116543, 0.0468582, 0.020951
3, 0.055, 0.15154, 0.0136524, 0.0499089, 0.0250238
3, 0.06, 0.163958, 0.0158719, 0.0529824, 0.0294287
3, 0.065, 0.176374, 0.0182824, 0.0561132, 0.0341862
3, 0.07, 0.188848, 0.0208427, 0.059309, 0.0393204
3, 0.075, 0.201414, 0.023502, 0.0625494, 0.0448524
3, 0.08, 0.214072, 0.026203, 0.06579, 0.0507949
3, 0.085, 0.226789, 0.0288896, 0.0689719, 0.0571483
3, 0.09, 0.239509, 0.0315156, 0.0720328, 0.0639013
3, 0.095, 0.252176, 0.0340527, 0.0749215, 0.0710349
4, 0, 0.00936509, 0.00122679, -0.00448661, 0.000646134
4, 0.005, 0.0328154, 0.00160875, 0.000512226, 0.00251857
4, 0.01, 0.0556347, 0.00216951, 0.00510082, 0.00714377
4, 0.015, 0.0780462, 0.00291047, 0.0094092, 0.0142802
4, 0.02, 0.100019, 0.00388809, 0.0131965, 0.0235644
4, 0.025, 0.121114, 0.00521051, 0.0158004, 0.0340347
4, 0.03, 0.140916, 0.00702961, 0.0166142, 0.0444029
4, 0.035, 0.159976, 0.00949626, 0.0160356, 0.0546437
4, 0.04, 0.179671, 0.0127246, 0.0152688, 0.0664086
4, 0.045, 0.201266, 0.0165628, 0.0157741, 0.0821396
4, 0.05, 0.224424, 0.020292, 0.0183574, 0.10296
4, 0.055, 0.245656, 0.0226721, 0.0218292, 0.124733
4, 0.06, 0.260192, 0.0218416, 0.0250467, 0.140122
4, 0.065, 0.231703, 0.017195, 0.0516173, 0.146989
4, 0.07, 0.249583, 0.0199321, 0.0556021, 0.170554
4, 0.075, 0.269562, 0.0221964, 0.0596335, 0.198059
4, 0.08, 0.289192, 0.0239776, 0.0623033, 0.22426
4, 0.085, 0.30868, 0.0258543, 0.0647846, 0.25155
4, 0.09, 0.328196, 0.0279353, 0.0673818, 0.280776
4, 0.095, 0.347751, 0.0302266, 0.0701188, 0.312057
5, 0, 0.0054321, 0.000848911, 0.0148549, 0.000272938
5, 0.005, 0.0234091, 0.00107471, 0.0522813, 0.00308775
5, 0.01, 0.0410675, 0.0014468, 0.0885814, 0.010377
5, 0.015, 0.0584242, 0.00200415, 0.123744, 0.0215432
5, 0.02, 0.0752793, 0.00278005, 0.157056, 0.0355155
5, 0.025, 0.0913805, 0.00381592, 0.187694, 0.0507846
5, 0.03, 0.106699, 0.00515018, 0.215685, 0.0663062
5, 0.035, 0.121569, 0.00680489, 0.242271, 0.0823535
5, 0.04, 0.136498, 0.0087766, 0.269131, 0.100221
5, 0.045, 0.15193, 0.0109988, 0.297666, 0.121649
5, 0.05, 0.168013, 0.0133117, 0.328347, 0.14807
5, 0.055, 0.184439, 0.0154965, 0.360253, 0.179594
5, 0.06, 0.200546, 0.0173689, 0.391348, 0.214419
5, 0.065, 0.215691, 0.0188351, 0.419637, 0.24974
5, 0.07, 0.229904, 0.0199081, 0.445198, 0.285072
5, 0.075, 0.244724, 0.0210693, 0.47269, 0.326342
5, 0.08, 0.231752, 0.0188854, 0.424238, 0.348125
5, 0.085, 0.247224, 0.0204689, 0.453359, 0.392369
5, 0.09, 0.262054, 0.0225671, 0.480715, 0.438699
5, 0.095, 0.277321, 0.0247083, 0.509375, 0.489583
6, 0, 0.00457411, 0.000640378, -0.00111603, 0.000278315
6, 0.005, 0.0307537, 0.00102422, 0.00491123, 0.00439198
6, 0.01, 0.055814, 0.00153663, 0.0103451, 0.0137835
6, 0.015, 0.0799755, 0.00231373, 0.0149164, 0.0274938
6, 0.02, 0.102918, 0.00337352, 0.0183961, 0.0441563
6, 0.025, 0.124522, 0.0047301, 0.0207796, 0.0625137
6, 0.03, 0.145132, 0.00639023, 0.0224333, 0.0822282
6, 0.035, 0.165459, 0.00833915, 0.0239433, 0.10413
6, 0.04, 0.186214, 0.0105178, 0.0258437, 0.12968
6, 0.045, 0.207765, 0.0128049, 0.028445, 0.160154
6, 0.05, 0.229942, 0.0150527, 0.0317183, 0.195775
6, 0.055, 0.252175, 0.0171651, 0.0353384, 0.235431
6, 0.06, 0.273928, 0.0191382, 0.0389276, 0.277464
6, 0.065, 0.295072, 0.0210369, 0.0423276, 0.321046
6, 0.07, 0.316169, 0.0229985, 0.0457835, 0.367758
6, 0.075, 0.33792, 0.0253198, 0.0494901, 0.420089
6, 0.08, 0.333447, 0.0237292, 0.0597594, 0.406028
6, 0.085, 0.354458, 0.0262246, 0.0629463, 0.45776
6, 0.09, 0.375784, 0.028893, 0.0663174, 0.513991
6, 0.095, 0.397267, 0.0317172, 0.0697669, 0.574188
7, 0, 0.0043902, 0.000666997, 0.0180169, 0.000298733
7, 0.005, 0.0271766, 0.000953788, 0.00917671, 0.00377586
7, 0.01, 0.049235, 0.00139142, 0.000569876, 0.0127536
7, 0.015, 0.0704631, 0.00208388, -0.00598859, 0.0263529
7, 0.02, 0.0904025, 0.00305432, -0.00970883, 0.0431066
7, 0.025, 0.109057, 0.00430953, -0.01075, 0.0618541
7, 0.03, 0.127026, 0.00583834, -0.0103246, 0.0826612
7, 0.035, 0.145097, 0.00759258, -0.0100907, 0.106684
7, 0.04, 0.163774, 0.00947012, -0.0114512, 0.135303
7, 0.045, 0.183051, 0.0113391, -0.015047, 0.169203
7, 0.05, 0.202516, 0.0131035, -0.02062, 0.207934
7, 0.055, 0.221729, 0.0147501, -0.0274182, 0.250419
7, 0.06, 0.240566, 0.0163414, -0.0347973, 0.296018
7, 0.065, 0.25931, 0.0179912, -0.0424967, 0.345311
7, 0.07, 0.278362, 0.0198465, -0.0502746, 0.399485
7, 0.075, 0.297465, 0.0220555, -0.0568343, 0.457238
7, 0.08, 0.317132, 0.024497, -0.0637975, 0.521235
7, 0.085, 0.312149, 0.022792, -0.16692, 0.552045
7, 0.09, 0.331195, 0.0250718, -0.173705, 0.619495
7, 0.095, 0.350089, 0.0275172, -0.180619, 0.690305
8, 0, 0.00375416, 0.000316793, 0.00747282, 0.000113538
8, 0.005, 0.0241881, 0.00052021, 0.0143889, 0.00789256
8, 0.01, 0.0435541, 0.000953738, 0.0221343, 0.027817
8, 0.015, 0.0614431, 0.0016383, 0.030909, 0.0530498
8, 0.02, 0.0779137, 0.00258974, 0.0406281, 0.0787798
8, 0.025, 0.0933934, 0.00386422, 0.0512621, 0.103346
8, 0.03, 0.108657, 0.00553434, 0.0625985, 0.128879
8, 0.035, 0.124596, 0.00760045, 0.0740459, 0.160839
8, 0.04, 0.141682, 0.00988366, 0.0847391, 0.205437
8, 0.045, 0.159491, 0.0120403, 0.0939604, 0.265234
8, 0.05, 0.17675, 0.013761, 0.101585, 0.33449
8, 0.055, 0.192003, 0.0148682, 0.107857, 0.40047
8, 0.06, 0.205055, 0.0151172, 0.112107, 0.461523
8, 0.065, 0.22323, 0.0176498, 0.120749, 0.555817
8, 0.07, 0.208242, 0.0142108, 0.0685874, 0.634646
8, 0.075, 0.223297, 0.0161841, 0.0739752, 0.727704
8, 0.08, 0.23931, 0.017935, 0.0806815, 0.830502
8, 0.085, 0.255192, 0.0196976, 0.0878043, 0.935541
8, 0.09, 0.271003, 0.0215678, 0.0949757, 1.04551
8, 0.095, 0.286798, 0.0235682, 0.102105, 1.1617
9, 0, 0.00853784, 0.000576659, -0.00580207, 0.00317222
9, 0.005, 0.0261197, 0.000856971, -0.0125974, 0.00406598
9, 0.01, 0.0430857, 0.0012189, -0.0188686, 0.00864457
9, 0.015, 0.0605079, 0.00201431, -0.024347, 0.0170103
9, 0.02, 0.0790842, 0.00381002, -0.0289691, 0.0291282
9, 0.025, 0.0996174, 0.00666949, -0.0357765, 0.0472726
9, 0.03, 0.117009, 0.00834926, -0.0413773, 0.063955
9, 0.035, 0.129418, 0.00818984, -0.0433323, 0.0773746
9, 0.04, 0.101017, 0.00655773, -0.0175566, 0.138777
9, 0.045, 0.115605, 0.00783883, -0.0213914, 0.172687
9, 0.05, 0.131446, 0.0087033, -0.025638, 0.201423
9, 0.055, 0.147346, 0.00968413, -0.0298907, 0.232369
9, 0.06, 0.163153, 0.0108584, -0.0341371, 0.267069
9, 0.065, 0.17885, 0.0122167, -0.0383532, 0.3055
9, 0.07, 0.194461, 0.0137407, -0.0425334, 0.347426
9, 0.075, 0.210011, 0.015417, -0.0466838, 0.392653
9, 0.08, 0.225523, 0.0172369, -0.0508133, 0.441052
9, 0.085, 0.241012, 0.0191953, -0.0549298, 0.492545
9, 0.09, 0.256488, 0.0212893, -0.0590385, 0.547086
9, 0.095, 0.271956, 0.0235176, -0.0631429, 0.604652
10, 0, 0.00538111, 0.000399481, 0.00526399, 0.000744291
10, 0.005, 0.0198793, 0.000590082, 0.0058324, 0.00219057
10, 0.01, 0.0342038, 0.000934041, 0.00616238, 0.00560399
10, 0.015, 0.048341, 0.0014236, 0.00626787, 0.0108167
10, 0.02, 0.0623159, 0.0021283, 0.00615398, 0.0175487
10, 0.025, 0.0760138, 0.00316469, 0.00578636, 0.0253046
10, 0.03, 0.0895056, 0.00465097, 0.00547247, 0.0340438
10, 0.035, 0.103301, 0.00684323, 0.00583796, 0.0444315
10, 0.04, 0.1184, 0.0100742, 0.00756711, 0.0581262
10, 0.045, 0.135606, 0.0142891, 0.0107688, 0.0770051
10, 0.05, 0.153656, 0.01835, 0.0141719, 0.100135
10, 0.055, 0.167176, 0.020054, 0.013628, 0.11796
10, 0.06, 0.12528, 0.0141113, -0.0405558, 0.11208
10, 0.065, 0.138005, 0.015208, -0.041723, 0.129469
10, 0.07, 0.150507, 0.0155329, -0.0426207, 0.143669
10, 0.075, 0.163206, 0.0161752, -0.0434257, 0.160161
10, 0.08, 0.175978, 0.0171572, -0.0442804, 0.179068
10, 0.085, 0.188714, 0.0184253, -0.045255, 0.200101
10, 0.09, 0.201363, 0.0199231, -0.0463602, 0.222971
10, 0.095, 0.213921, 0.0216067, -0.0475778, 0.247473
11, 0, 0.00476503, 0.000417263, 0.00662578, 0.000211702
11, 0.005, 0.0164951, 0.000572267, 0.0256586, 0.00135945
11, 0.01, 0.0281271, 0.000854963, 0.044199, 0.00474469
11, 0.015, 0.0396217, 0.00125216, 0.0622711, 0.0100666
11, 0.02, 0.0510004, 0.00179047, 0.0797718, 0.0168517
11, 0.025, 0.0622097, 0.00254369, 0.096207, 0.0239415
11, 0.03, 0.0732238, 0.00356176, 0.111632, 0.0306215
11, 0.035, 0.0841507, 0.00491115, 0.126553, 0.0368762
11, 0.04, 0.095225, 0.00674081, 0.141582, 0.0429556
11, 0.045, 0.106841, 0.00926193, 0.157578, 0.0497443
11, 0.05, 0.119462, 0.0126222, 0.175489, 0.058944
11, 0.055, 0.133246, 0.0166307, 0.195811, 0.0727415
11, 0.06, 0.14744, 0.0205025, 0.217598, 0.0922877
11, 0.065, 0.160199, 0.0231852, 0.237549, 0.114118
11, 0.07, 0.161246, 0.0187003, 0.237472, 0.114977
11, 0.075, 0.129705, 0.0176266, 0.196727, 0.157716
11, 0.08, 0.13995, 0.0181236, 0.211347, 0.172692
11, 0.085, 0.150231, 0.0185874, 0.225925, 0.187372
11, 0.09, 0.16061, 0.0192894, 0.24084, 0.204253
11, 0.095, 0.171025, 0.0202507, 0.255978, 0.223463
12, 0, 0.00430589, 0.000373326, 0.00275922, 0.000566403
12, 0.005, 0.0205412, 0.000534329, 0.00750543, 0.00520762
12, 0.01, 0.0363836, 0.000884224, 0.0130474, 0.0156843
12, 0.015, 0.0516426, 0.00140376, 0.0193148, 0.030213
12, 0.02, 0.0662154, 0.00210506, 0.0263744, 0.0469699
12, 0.025, 0.0800066, 0.00301043, 0.0342468, 0.0642292
12, 0.03, 0.0931286, 0.0041321, 0.0426522, 0.0814589
12, 0.035, 0.105742, 0.00550478, 0.0513639, 0.0987074
12, 0.04, 0.118044, 0.00721199, 0.0602588, 0.11639
12, 0.045, 0.130426, 0.00938735, 0.0692103, 0.135979
12, 0.05, 0.143536, 0.0121608, 0.0780751, 0.160439
12, 0.055, 0.158041, 0.0155014, 0.0866759, 0.193596
12, 0.06, 0.174006, 0.0190149, 0.0946771, 0.237897
12, 0.065, 0.190254, 0.0220115, 0.101763, 0.290057
12, 0.07, 0.204835, 0.0240448, 0.10826, 0.339047
12, 0.075, 0.208261, 0.0206766, 0.112979, 0.328912
12, 0.08, 0.183804, 0.0192257, 0.0929759, 0.259005
12, 0.085, 0.196188, 0.0202476, 0.100293, 0.289754
12, 0.09, 0.208385, 0.0212835, 0.107744, 0.320633
12, 0.095, 0.220754, 0.0225234, 0.115045, 0.355101
13, 0, 0.00424723, 0.000346885, 0.00263702, 0.00022972
13, 0.005, 0.0252213, 0.000501627, -0.0119072, 0.00483892
13, 0.01, 0.0456187, 0.000938329, -0.0224159, 0.0162687
13, 0.015, 0.0647809, 0.00162273, -0.0281611, 0.0318914
13, 0.02, 0.0828282, 0.00253451, -0.0304028, 0.0500229
13, 0.025, 0.100023, 0.00366384, -0.0303928, 0.0699114
13, 0.03, 0.116568, 0.00501165, -0.0289066, 0.0911876
13, 0.035, 0.132578, 0.00659794, -0.0262734, 0.113494
13, 0.04, 0.148149, 0.00847382, -0.0226317, 0.136489
13, 0.045, 0.163496, 0.0107319, -0.0182881, 0.160312
13, 0.05, 0.179109, 0.0134924, -0.0140769, 0.186423
13, 0.055, 0.195747, 0.0168148, -0.0114475, 0.2182
13, 0.06, 0.21399, 0.0205158, -0.0119739, 0.259942
13, 0.065, 0.233392, 0.024067, -0.0160685, 0.31311
13, 0.07, 0.252252, 0.0269084, -0.0216, 0.372022
13, 0.075, 0.268628, 0.0288242, -0.0248159, 0.425481
13, 0.08, 0.237162, 0.0207689, -0.0465398, 0.408944
13, 0.085, 0.253095, 0.024518, -0.0547695, 0.475407
13, 0.09, 0.268605, 0.0260629, -0.0544736, 0.52609
13, 0.095, 0.284208, 0.0277984, -0.0545239, 0.580388
14, 0, 0.00375029, 0.000344411, -0.00170037, 0.000554244
14, 0.005, 0.0270831, 0.000512546, 0.0174514, 0.00632307
14, 0.01, 0.0498468, 0.00100411, 0.0342469, 0.0198764
14, 0.015, 0.0713093, 0.00178051, 0.0482822, 0.0385193
14, 0.02, 0.0915505, 0.00280702, 0.060426, 0.0605813
14, 0.025, 0.110841, 0.00406104, 0.0714315, 0.0853973
14, 0.03, 0.129407, 0.00553056, 0.0817274, 0.112705
14, 0.035, 0.147398, 0.00721493, 0.0915135, 0.142339
14, 0.04, 0.164914, 0.00912714, 0.100875, 0.174185
14, 0.045, 0.182077, 0.0112961, 0.109894, 0.208328
14, 0.05, 0.199113, 0.0137632, 0.118764, 0.24538
14, 0.055, 0.216421, 0.0165626, 0.127878, 0.286796
14, 0.06, 0.234495, 0.0196722, 0.137808, 0.334744
14, 0.065, 0.25364, 0.0229559, 0.149055, 0.391064
14, 0.07, 0.273603, 0.0261704, 0.161647, 0.455484
14, 0.075, 0.293572, 0.0290933, 0.174949, 0.524732
14, 0.08, 0.312717, 0.031664, 0.188061, 0.594314
14, 0.085, 0.330243, 0.033851, 0.200088, 0.658772
14, 0.09, 0.313025, 0.0274869, 0.229865, 0.561139
14, 0.095, 0.326428, 0.0313356, 0.240647, 0.604624
15, 0, 0.00311704, 0.000412925, -0.00647183, 0.000736727
15, 0.005, 0.0225425, 0.000549894, 0.0144514, 0.00519914
15, 0.01, 0.041545, 0.000956811, 0.033519, 0.0168643
15, 0.015, 0.0595305, 0.00160496, 0.0504467, 0.0334118
15, 0.02, 0.0764773, 0.00246334, 0.0657388, 0.0530951
15, 0.025, 0.092571, 0.0035086, 0.0799507, 0.0750656
15, 0.03, 0.108007, 0.00472424, 0.093474, 0.0989756
15, 0.035, 0.122941, 0.00609875, 0.106553, 0.124692
15, 0.04, 0.137486, 0.00762457, 0.119331, 0.152161
15, 0.045, 0.151723, 0.00929757, 0.131893, 0.181351
15, 0.05, 0.165712, 0.0111168, 0.144286, 0.212252
15, 0.055, 0.179512, 0.0130838, 0.156552, 0.244906
15, 0.06, 0.193187, 0.0152021, 0.16874, 0.279456
15, 0.065, 0.206825, 0.0174746, 0.180932, 0.316223
15, 0.07, 0.220538, 0.0199003, 0.19325, 0.355752
15, 0.075, 0.234454, 0.0224691, 0.20586, 0.398811
15, 0.08, 0.248694, 0.0251559, 0.218943, 0.44628
15, 0.085, 0.263329, 0.0279195, 0.232658, 0.498925
15, 0.09, 0.278343, 0.0307078, 0.24708, 0.557113
15, 0.095, 0.293627, 0.0334714, 0.262166, 0.620598
16, 0, 0.00152853, 0.000482001, -0.00117929, 0.00194322
16, 0.005, 0.0167946, 0.000596795, 0.00694485, 0.00436723
16, 0.01, 0.0316941, 0.000929536, 0.0144335, 0.0113201
16, 0.015, 0.045948, 0.0014609, 0.0210177, 0.022179
16, 0.02, 0.0595641, 0.00217173, 0.026725, 0.0363486
16, 0.025, 0.0726533, 0.00304764, 0.0316982, 0.0533984
16, 0.03, 0.0853322, 0.00407818, 0.0360913, 0.0730389
16, 0.035, 0.0976966, 0.00525544, 0.040036, 0.0950782
16, 0.04, 0.109821, 0.00657315, 0.0436387, 0.119391
16, 0.045, 0.121763, 0.00802595, 0.0469854, 0.145902
16, 0.05, 0.13357, 0.00960894, 0.0501473, 0.174571
16, 0.055, 0.145283, 0.0113172, 0.0531858, 0.205393
16, 0.06, 0.156935, 0.0131453, 0.0561549, 0.238387
16, 0.065, 0.16856, 0.0150874, 0.0591034, 0.273596
16, 0.07, 0.180184, 0.0171364, 0.0620752, 0.31108
16, 0.075, 0.191832, 0.0192844, 0.065109, 0.350908
16, 0.08, 0.203524, 0.0215226, 0.0682372, 0.393155
16, 0.085, 0.215275, 0.0238416, 0.0714856, 0.437894
16, 0.09, 0.227096, 0.0262317, 0.074872, 0.485185
16, 0.095, 0.23899, 0.0286837, 0.0784057, 0.535077
17, 0, 0.000342266, 0.000709075, 0.00118053, 0.000897378
17, 0.005, 0.0157392, 0.000823482, 0.00198992, 0.00366477
17, 0.01, 0.0307759, 0.00115807, 0.00232603, 0.013898
17, 0.015, 0.0452226, 0.00169508, 0.00192199, 0.0300757
17, 0.02, 0.0590288, 0.00241409, 0.000803429, 0.050744
17, 0.025, 0.0722473, 0.00329697, -0.00087868, 0.0748575
17, 0.03, 0.0849665, 0.00432908, -0.00296435, 0.101763
17, 0.035, 0.097277, 0.0054988, -0.00532512, 0.131088
17, 0.04, 0.10926, 0.00679674, -0.00786782, 0.162636
17, 0.045, 0.120983, 0.0082151, -0.0105274, 0.196328
17, 0.05, 0.132502, 0.00974723, -0.013259, 0.232156
17, 0.055, 0.143866, 0.0113872, -0.0160319, 0.27016
17, 0.06, 0.155111, 0.0131297, -0.0188246, 0.310412
17, 0.065, 0.166272, 0.0149697, -0.0216223, 0.35301
17, 0.07, 0.177374, 0.0169024, -0.0244146, 0.398067
17, 0.075, 0.188443, 0.0189235, -0.0271943, 0.445709
17, 0.08, 0.199496, 0.0210285, -0.0299565, 0.496071
17, 0.085, 0.210551, 0.0232133, -0.0326976, 0.549295
17, 0.09, 0.221621, 0.0254739, -0.0354156, 0.605522
17, 0.095, 0.232717, 0.0278064, -0.0381092, 0.664895
18, 0, 0.0011995, 0.000719195, -0.0124085, 0.00114987
18, 0.005, 0.0125956, 0.000804464, -0.0229472, 0.0053916
18, 0.01, 0.0238581, 0.00105913, -0.0338793, 0.022322
18, 0.015, 0.0348311, 0.00147493, -0.0449001, 0.0500992
18, 0.02, 0.0454555, 0.00204057, -0.0557475, 0.0868144
18, 0.025, 0.0557375, 0.00274504, -0.0662594, 0.130992
18, 0.03, 0.0657123, 0.00357885, -0.0763649, 0.181624
18, 0.035, 0.0754217, 0.00453408, -0.0860533, 0.238043
18, 0.04, 0.0849062, 0.0056041, -0.095346, 0.299812
18, 0.045, 0.0942014, 0.00678329, -0.104279, 0.366648
18, 0.05, 0.103338, 0.0080668, -0.112893, 0.438374
18, 0.055, 0.112343, 0.00945034, -0.121227, 0.514891
18, 0.06, 0.12124, 0.0109301, -0.129321, 0.596162
18, 0.065, 0.130048, 0.0125024, -0.13721, 0.682201
18, 0.07, 0.138785, 0.0141639, -0.144923, 0.773068
18, 0.075, 0.147468, 0.0159112, -0.152491, 0.868862
18, 0.08, 0.15611, 0.017741, -0.159938, 0.969717
18, 0.085, 0.164726, 0.0196498, -0.167287, 1.0758
18, 0.09, 0.173326, 0.0216342, -0.174558, 1.18731
18, 0.095, 0.181921, 0.0236905, -0.181768, 1.30446
19, 0, -0.00330738, 0.00292948, -0.0471668, 0.010752
19, 0.005, 0.00414108, 0.00287148, -0.063428, 0.0123114
19, 0.01, 0.0116247, 0.00288051, -0.0799108, 0.0194458
19, 0.015, 0.0191944, 0.00293089, -0.0965725, 0.0324176
19, 0.02, 0.0267247, 0.00309128, -0.113563, 0.0512373
19, 0.025, 0.0341112, 0.00339633, -0.130792, 0.0752689
19, 0.03, 0.0414107, 0.00380116, -0.148034, 0.10421
19, 0.035, 0.0485728, 0.00431228, -0.165122, 0.137281
19, 0.04, 0.055568, 0.00492881, -0.181901, 0.173635
19, 0.045, 0.0623856, 0.005646, -0.198267, 0.212518
19, 0.05, 0.0690328, 0.00645656, -0.214171, 0.253387
19, 0.055, 0.0755288, 0.00735243, -0.229618, 0.295932
19, 0.06, 0.0818968, 0.00832605, -0.244642, 0.340023
19, 0.065, 0.0881598, 0.00937106, -0.259289, 0.385635
19, 0.07, 0.0943379, 0.0104823, -0.273608, 0.432805
19, 0.075, 0.100448, 0.0116554, -0.287643, 0.481594
19, 0.08, 0.106505, 0.0128872, -0.301436, 0.532081
19, 0.085, 0.11252, 0.0141745, -0.315022, 0.58435
19, 0.09, 0.118503, 0.0155148, -0.328431, 0.638488
19, 0.095, 0.124464, 0.016906, -0.341691, 0.694587
20, 0, -0.0109101, 0.00471485, 0.0252211, 0.0182086
20, 0.005, -0.00418043, 0.00446213, 0.0301635, 0.0155576
20, 0.01, 0.00257908, 0.00428559, 0.0351098, 0.0148504
20, 0.015, 0.00936512, 0.00418615, 0.0400629, 0.0161336
20, 0.02, 0.0161742, 0.00416431, 0.0450256, 0.0194489
20, 0.025, 0.0230035, 0.0042198, 0.049999, 0.0248314
20, 0.03, 0.0298525, 0.00435133, 0.0549803, 0.0323129
20, 0.035, 0.0367249, 0.00455636, 0.0599601, 0.0419291
20, 0.04, 0.0436289, 0.0048317, 0.0649228, 0.0537313
20, 0.045, 0.0505472, 0.00518187, 0.0698926, 0.0677339
20, 0.05, 0.0571829, 0.00567698, 0.0753165, 0.0831847
20, 0.055, 0.0629992, 0.00642287, 0.0819542, 0.0980807
20, 0.06, 0.0684101, 0.00730275, 0.0890996, 0.112888
20, 0.065, 0.0736988, 0.00824824, 0.0963129, 0.128251
20, 0.07, 0.0789178, 0.00924754, 0.10352, 0.144276
20, 0.075, 0.0840829, 0.0102974, 0.110703, 0.16098
20, 0.08, 0.0892036, 0.011396, 0.117854, 0.178368
20, 0.085, 0.0942875, 0.0125417, 0.124968, 0.196449
20, 0.09, 0.0993412, 0.0137333, 0.132044, 0.215231
20, 0.095, 0.104371, 0.0149695, 0.139078, 0.234725
21, 0, -0.0106463, 0.00842041, 0.0383436, 0.0219261
21, 0.005, -0.00428649, 0.00815097, 0.0431823, 0.0103098
21, 0.01, 0.00211, 0.00793294, 0.0481326, 0.00719036
21, 0.015, 0.00854264, 0.00777174, 0.053216, 0.0128098
21, 0.02, 0.0150085, 0.00767338, 0.0584505, 0.027407
21, 0.025, 0.021502, 0.00764391, 0.0638479, 0.05119
21, 0.03, 0.0280152, 0.00768885, 0.0694113, 0.0843085
21, 0.035, 0.0345384, 0.00781258, 0.0751343, 0.126829
21, 0.04, 0.0410606, 0.00801815, 0.0810007, 0.178721
21, 0.045, 0.0475707, 0.00830707, 0.0869866, 0.239851
21, 0.05, 0.0540578, 0.00867956, 0.0930623, 0.30999
21, 0.055, 0.0605107, 0.00913519, 0.0991934, 0.388802
21, 0.06, 0.0669145, 0.00967459, 0.105338, 0.475766
21, 0.065, 0.0732396, 0.0103029, 0.111431, 0.569902
21, 0.07, 0.0794223, 0.0110353, 0.117352, 0.66913
21, 0.075, 0.0853573, 0.0118979, 0.122902, 0.769752
21, 0.08, 0.0909668, 0.0129057, 0.12792, 0.868155
21, 0.085, 0.0962897, 0.0140404, 0.13244, 0.963856
21, 0.09, 0.101425, 0.0152691, 0.136611, 1.05869
21, 0.095, 0.10645, 0.016568, 0.140557, 1.15437
22, 0, -0.00776388, 0.0141136, 0.0135079, 0.00255279
22, 0.005, -0.00343034, 0.0139167, 0.00944335, 0.00198273
22, 0.01, 0.000912446, 0.0137467, 0.00537045, 0.00187777
22, 0.015, 0.00526477, 0.0136063, 0.00128993, 0.00224312
22, 0.02, 0.00962667, 0.0134981, -0.00279719, 0.00308447
22, 0.025, 0.0139979, 0.0134253, -0.00688968, 0.00440778
22, 0.03, 0.0183779, 0.0133911, -0.010986, 0.00621904
22, 0.035, 0.0227657, 0.0133992, -0.0150845, 0.0085239
22, 0.04, 0.0271602, 0.0134532, -0.0191832, 0.0113273
22, 0.045, 0.0315598, 0.0135565, -0.0232801, 0.0146333
22, 0.05, 0.0359628, 0.0137126, -0.0273731, 0.0184443
22, 0.055, 0.040367, 0.0139244, -0.0314602, 0.0227612
22, 0.06, 0.0447702, 0.0141949, -0.0355393, 0.0275829
22, 0.065, 0.0491701, 0.0145263, -0.0396087, 0.032906
22, 0.07, 0.0535642, 0.0149206, -0.0436664, 0.0387248
22, 0.075, 0.0579498, 0.0153795, -0.047711, 0.0450313
22, 0.08, 0.0623244, 0.0159044, -0.0517409, 0.0518146
22, 0.085, 0.0666851, 0.0164964, -0.0557547, 0.0590615
22, 0.09, 0.0710293, 0.0171566, -0.0597511, 0.0667559
22, 0.095, 0.0753539, 0.017886, -0.0637285, 0.0748786
23, 0, -0.00443381, 0.0148007, 0.0443254, 0.00318014
23, 0.005, 0.00072139, 0.0147316, 0.034893, 0.00315248
23, 0.01, 0.00588273, 0.014696, 0.025436, 0.00390697
23, 0.015, 0.0110518, 0.0146946, 0.0159507, 0.00544813
23, 0.02, 0.0162299, 0.0147287, 0.00643445, 0.0077819
23, 0.025, 0.0214183, 0.0148, -0.00311408, 0.0109154
23, 0.03, 0.0266176, 0.0149108, -0.0126948, 0.0148564
23, 0.035, 0.0318281, 0.0150634, -0.0223061, 0.0196133
23, 0.04, 0.0370497, 0.0152609, -0.0319442, 0.0251941
23, 0.045, 0.0422815, 0.0155064, -0.0416036, 0.0316059
23, 0.05, 0.0475221, 0.0158032, -0.0512766, 0.038854
23, 0.055, 0.0527692, 0.0161547, -0.0609538, 0.0469414
23, 0.06, 0.0580203, 0.0165639, -0.0706239, 0.0558678
23, 0.065, 0.063272, 0.0170339, -0.0802741, 0.0656293
23, 0.07, 0.0685204, 0.0175674, -0.0898907, 0.0762176
23, 0.075, 0.0737613, 0.0181665, -0.0994589, 0.0876196
23, 0.08, 0.0789903, 0.0188333, -0.108964, 0.0998178
23, 0.085, 0.0842025, 0.0195691, -0.11839, 0.11279
23, 0.09, 0.089393, 0.0203751, -0.127722, 0.126508
23, 0.095, 0.0945571, 0.021252, -0.136946, 0.140942
24, 0, 0.000660439, 0.0132302, -0.00193365, 0.00348239
24, 0.005, 0.00516466, 0.0133099, -0.00143867, 0.0041121
24, 0.01, 0.0096647, 0.0134208, -0.000941161, 0.00496571
24, 0.015, 0.0141618, 0.0135632, -0.000441898, 0.0060429
24, 0.02, 0.0186573, 0.0137379, 5.84185e-05, 0.00734382
24, 0.025, 0.0231519, 0.0139458, 0.000559183, 0.008869
24, 0.03, 0.0276464, 0.0141882, 0.00105992, 0.0106192
24, 0.035, 0.0321413, 0.0144667, 0.00156031, 0.0125955
24, 0.04, 0.0366365, 0.0147831, 0.00206023, 0.0147987
24, 0.045, 0.0411317, 0.0151392, 0.00255975, 0.0172297
24, 0.05, 0.0456264, 0.015537, 0.00305915, 0.0198888
24, 0.055, 0.0501193, 0.0159785, 0.00355892, 0.022776
24, 0.06, 0.054609, 0.0164656, 0.0040598, 0.0258904
24, 0.065, 0.0590938, 0.0170001, 0.00456268, 0.0292305
24, 0.07, 0.0635716, 0.0175838, 0.00506868, 0.0327937
24, 0.075, 0.0680399, 0.0182183, 0.00557905, 0.0365765
24, 0.08, 0.0724962, 0.0189048, 0.00609515, 0.0405742
24, 0.085, 0.0769378, 0.0196445, 0.00661845, 0.0447813
24, 0.09, 0.0813619, 0.0204384, 0.00715045, 0.049191
24, 0.095, 0.0857656, 0.021287, 0.00769264, 0.0537958
25, 0, 0.0041111, 0.0102869, 0.0115376, 0.0020279
25, 0.005, 0.0107645, 0.010558, 0.0118471, 0.00297933
25, 0.01, 0.0173828, 0.0108858, 0.0121587, 0.00442693
25, 0.015, 0.0239686, 0.0112649, 0.0124697, 0.00635968
25, 0.02, 0.0305258, 0.0116912, 0.0127781, 0.00876852
25, 0.025, 0.0370589, 0.0121614, 0.0130827, 0.0116467
25, 0.03, 0.0435729, 0.0126738, 0.0133828, 0.0149899
25, 0.035, 0.0500721, 0.0132281, 0.0136787, 0.0187957
25, 0.04, 0.0565602, 0.0138258, 0.0139712, 0.0230635
25, 0.045, 0.0630397, 0.0144695, 0.0142619, 0.0277927
25, 0.05, 0.069511, 0.015163, 0.0145529, 0.0329825
25, 0.055, 0.0759731, 0.0159111, 0.0148465, 0.03863
25, 0.06, 0.0824228, 0.0167188, 0.0151452, 0.0447296
25, 0.065, 0.0888551, 0.0175914, 0.0154516, 0.0512719
25, 0.07, 0.0952635, 0.0185336, 0.0157678, 0.0582429
25, 0.075, 0.10164, 0.0195497, 0.0160958, 0.0656243
25, 0.08, 0.107977, 0.0206431, 0.0164371, 0.0733936
25, 0.085, 0.114266, 0.0218163, 0.0167925, 0.0815249
25, 0.09, 0.120499, 0.0230708, 0.0171625, 0.0899896
25, 0.095, 0.126668, 0.0244073, 0.0175472, 0.0987579
26, 0, 0.00475847, 0.00913579, -0.00644273, 0.00174879
26, 0.005, 0.0112304, 0.00943058, -0.00348577, 0.00212512
26, 0.01, 0.0176635, 0.00978502, -0.000539031, 0.00272597
26, 0.015, 0.0240595, 0.0101946, 0.00239915, 0.00354425
26, 0.02, 0.0304213, 0.0106556, 0.00533035, 0.00457381
26, 0.025, 0.0367523, 0.0111652, 0.00825591, 0.00580963
26, 0.03, 0.0430561, 0.0117219, 0.0111769, 0.00724778
26, 0.035, 0.0493362, 0.012325, 0.014094, 0.00888528
26, 0.04, 0.0555955, 0.012975, 0.0170075, 0.0107198
26, 0.045, 0.0618359, 0.0136733, 0.0199169, 0.0127494
26, 0.05, 0.0680586, 0.0144223, 0.0228217, 0.0149721
26, 0.055, 0.0742634, 0.0152247, 0.0257207, 0.0173855
26, 0.06, 0.080449, 0.0160836, 0.0286121, 0.0199862
26, 0.065, 0.0866128, 0.0170024, 0.0314942, 0.02277
26, 0.07, 0.0927515, 0.0179841, 0.0343649, 0.0257313
26, 0.075, 0.0988607, 0.0190319, 0.0372218, 0.028863
26, 0.08, 0.104936, 0.0201482, 0.0400627, 0.0321569
26, 0.085, 0.110972, 0.0213349, 0.0428855, 0.0356036
26, 0.09, 0.116963, 0.0225937, 0.0456879, 0.0391927
26, 0.095, 0.122906, 0.0239254, 0.0484682, 0.0429132
27, 0, 0.00753409, 0.00661423, 0.00396072, 0.00298939
27, 0.005, 0.0145122, 0.00688372, -0.000364188, 0.00352684
27, 0.01, 0.0214636, 0.00724076, -0.00463431, 0.00465877
27, 0.015, 0.0283812, 0.00767793, -0.00884892, 0.00636499
27, 0.02, 0.0352616, 0.00818961, -0.0130095, 0.00862609
27, 0.025, 0.0421037, 0.00877244, -0.0171179, 0.0114244
27, 0.03, 0.0489076, 0.00942521, -0.0211754, 0.014744
27, 0.035, 0.0556735, 0.0101482, -0.0251816, 0.0185693
27, 0.04, 0.062401, 0.0109427, -0.0291352, 0.022885
27, 0.045, 0.069089, 0.0118106, -0.0330337, 0.0276745
27, 0.05, 0.0757358, 0.0127538, -0.0368735, 0.0329203
27, 0.055, 0.0823392, 0.0137743, -0.040651, 0.0386032
27, 0.06, 0.0888966, 0.0148735, -0.0443624, 0.0447028
27, 0.065, 0.0954054, 0.0160528, -0.0480042, 0.051198
27, 0.07, 0.101863, 0.0173126, -0.0515738, 0.0580675
27, 0.075, 0.108269, 0.0186533, -0.0550695, 0.06529
27, 0.08, 0.11462, 0.0200744, -0.0584902, 0.0728456
27, 0.085, 0.120916, 0.0215752, -0.0618362, 0.0807153
27, 0.09, 0.127157, 0.023155, -0.0651082, 0.0888819
27, 0.095, 0.133344, 0.0248126, -0.0683077, 0.0973294
28, 0, 0.00709355, 0.00622775, 0.011455, 0.000807125
28, 0.005, 0.0148103, 0.00633304, 0.00580581, 0.00112495
28, 0.01, 0.0225242, 0.00647164, 0.000110247, 0.00172176
28, 0.015, 0.0302516, 0.00662872, -0.00568163, 0.0026008
28, 0.02, 0.0380193, 0.00678862, -0.0116393, 0.00377237
28, 0.025, 0.045869, 0.00693698, -0.0178565, 0.00525842
28, 0.03, 0.0538588, 0.00707065, -0.0244403, 0.00709813
28, 0.035, 0.0620239, 0.00725141, -0.0313488, 0.00933526
28, 0.04, 0.0700098, 0.00788963, -0.0372414, 0.0118146
28, 0.045, 0.077376, 0.00919757, -0.041063, 0.0142438
28, 0.05, 0.0846117, 0.0105807, -0.044752, 0.0168332
28, 0.055, 0.091848, 0.0119253, -0.0486776, 0.0196511
28, 0.06, 0.0990775, 0.0132598, -0.0527502, 0.0226924
28, 0.065, 0.106281, 0.0146173, -0.0568733, 0.0259422
28, 0.07, 0.113442, 0.0160215, -0.0609788, 0.029384
28, 0.075, 0.120548, 0.0174878, -0.0650213, 0.0330015
28, 0.08, 0.127588, 0.0190262, -0.0689713, 0.0367786
28, 0.085, 0.134557, 0.0206424, -0.0728113, 0.0407008
28, 0.09, 0.141449, 0.0223394, -0.0765323, 0.0447552
28, 0.095, 0.148265, 0.0241183, -0.0801325, 0.0489312
29, 0, 0.00812169, 0.00256938, 0.0114409, 0.000503792
29, 0.005, 0.020055, 0.00283203, 0.0138574, 0.000859509
29, 0.01, 0.0318799, 0.00323207, 0.016339, 0.0019074
29, 0.015, 0.0435677, 0.00375587, 0.0188521, 0.00359787
29, 0.02, 0.0551174, 0.00439058, 0.0213713, 0.00589043
29, 0.025, 0.0665454, 0.00512574, 0.0238806, 0.00875813
29, 0.03, 0.0778751, 0.00595473, 0.0263729, 0.0121859
29, 0.035, 0.0891279, 0.00687567, 0.0288494, 0.016165
29, 0.04, 0.100314, 0.00789216, 0.0313181, 0.0206832
29, 0.045, 0.111418, 0.009015, 0.0337946, 0.0257089
29, 0.05, 0.12237, 0.0102687, 0.0363075, 0.0311524
29, 0.055, 0.133003, 0.0117009, 0.0389045, 0.0368076
29, 0.06, 0.143154, 0.0133518, 0.0416119, 0.04245
29, 0.065, 0.152887, 0.0151989, 0.0443844, 0.0480966
29, 0.07, 0.162352, 0.0172007, 0.0471685, 0.0538787
29, 0.075, 0.171633, 0.0193376, 0.0499428, 0.0598666
29, 0.08, 0.180761, 0.0216064, 0.0527043, 0.0660793
29, 0.085, 0.189752, 0.0240122, 0.0554576, 0.0725156
29, 0.09, 0.198611, 0.0265647, 0.0582101, 0.0791674
29, 0.095, 0.207346, 0.0292781, 0.0609717, 0.0860273
30, 0, 0.00683623, 0.000738031, -0.000511594, 0.000184245
30, 0.005, 0.0194946, 0.000831291, -0.00705313, 0.00112954
30, 0.01, 0.0324078, 0.00111745, -0.01341, 0.00409211
30, 0.015, 0.0451855, 0.00159371, -0.019025, 0.00879166
30, 0.02, 0.0575763, 0.0022468, -0.0237042, 0.0148343
30, 0.025, 0.0694886, 0.00306164, -0.0275274, 0.0218692
30, 0.03, 0.0809223, 0.0040268, -0.0306546, 0.0296312
30, 0.035, 0.0919091, 0.0051359, -0.0332259, 0.037919
30, 0.04, 0.102482, 0.00638815, -0.0353363, 0.0465627
30, 0.045, 0.112662, 0.00779063, -0.0370304, 0.0553845
30, 0.05, 0.122445, 0.00936426, -0.0383007, 0.0641569
30, 0.055, 0.131814, 0.0111551, -0.0390968, 0.0725712
30, 0.06, 0.140763, 0.0132553, -0.0393561, 0.0802595
30, 0.065, 0.149381, 0.015837, -0.0390758, 0.0869341
30, 0.07, 0.157987, 0.0191969, -0.0384251, 0.0926998
30, 0.075, 0.167256, 0.0237759, -0.0378506, 0.0984634
30, 0.08, 0.178208, 0.03007, -0.0380877, 0.106185
30, 0.085, 0.191906, 0.0383067, -0.0400557, 0.118783
30, 0.09, 0.208814, 0.0478377, -0.0446223, 0.139523
30, 0.095, 0.227547, 0.0566222, -0.0517516, 0.169386
31, 0, 0.0042989, 0.000530674, -0.00257037, 0.000598789
31, 0.005, 0.0158742, 0.0006107, 0.00228716, 0.00169919
31, 0.01, 0.0275676, 0.000863329, 0.00696072, 0.00555609
31, 0.015, 0.0390614, 0.0012846, 0.0114154, 0.0114996
31, 0.02, 0.0501846, 0.00186424, 0.0156065, 0.0187677
31, 0.025, 0.0608997, 0.0025921, 0.0195041, 0.0268161
31, 0.03, 0.0712334, 0.0034612, 0.023106, 0.0353279
31, 0.035, 0.0812292, 0.00446882, 0.0264264, 0.0441177
31, 0.04, 0.0909254, 0.00561761, 0.0294794, 0.0530495
31, 0.045, 0.100351, 0.00691724, 0.0322694, 0.0619928
31, 0.05, 0.109532, 0.00838676, 0.0347906, 0.070816
31, 0.055, 0.118498, 0.0100573, 0.0370334, 0.0794146
31, 0.06, 0.127307, 0.0119743, 0.0389987, 0.0877717
31, 0.065, 0.136054, 0.0141976, 0.0407164, 0.0960356
31, 0.07, 0.144888, 0.0167954, 0.0422628, 0.104589
31, 0.075, 0.154, 0.0198275, 0.0437703, 0.114074
31, 0.08, 0.163595, 0.0233168, 0.0454219, 0.125352
31, 0.085, 0.173834, 0.0272111, 0.0474263, 0.139393
31, 0.09, 0.184763, 0.0313512, 0.0499708, 0.157068
31, 0.095, 0.196233, 0.0354691, 0.0531527, 0.178809
32, 0, 0.00242417, 0.000516003, -0.00114326, 0.00205707
32, 0.005, 0.015422, 0.000604647, -0.0187079, 0.0108313
32, 0.01, 0.0282616, 0.000880009, -0.0352719, 0.0287225
32, 0.015, 0.0406007, 0.00132953, -0.0498654, 0.0541186
32, 0.02, 0.0523415, 0.00193688, -0.0623697, 0.0851557
32, 0.025, 0.0635323, 0.00268854, -0.0731007, 0.120534
32, 0.03, 0.0742652, 0.00357507, -0.0824518, 0.159524
32, 0.035, 0.0846293, 0.00459037, -0.0907563, 0.201753
32, 0.04, 0.0946977, 0.00573088, -0.0982653, 0.247041
32, 0.045, 0.104528, 0.00699506, -0.105163, 0.295308
32, 0.05, 0.114166, 0.0083829, -0.111587, 0.346545
32, 0.055, 0.123652, 0.00989549, -0.11765, 0.400799
32, 0.06, 0.133022, 0.0115344, -0.12345, 0.45818
32, 0.065, 0.142311, 0.013301, -0.129084, 0.518866
32, 0.07, 0.151556, 0.0151958, -0.134648, 0.583103
32, 0.075, 0.160795, 0.0172169, -0.140242, 0.651202
32, 0.08, 0.170067, 0.0193597, -0.145967, 0.723515
32, 0.085, 0.179407, 0.0216153, -0.151918, 0.800412
32, 0.09, 0.188846, 0.0239704, -0.158181, 0.882238
32, 0.095, 0.198408, 0.0264068, -0.164824, 0.96927
33, 0, 0.00189213, 0.000714094, 0.00260939, 0.000705031
33, 0.005, 0.010039, 0.000770598, 0.0129907, 0.000801615
33, 0.01, 0.018165, 0.000946115, 0.023279, 0.00163251
33, 0.015, 0.0261547, 0.00123732, 0.0332346, 0.003089
33, 0.02, 0.0339377, 0.00163817, 0.0427171, 0.00503783
33, 0.025, 0.0414879, 0.00214188, 0.0516812, 0.00736035
33, 0.03, 0.048809, 0.00274206, 0.0601433, 0.00996777
33, 0.035, 0.0559196, 0.00343324, 0.0681493, 0.0127996
33, 0.04, 0.0628435, 0.00421084, 0.0757543, 0.0158168
33, 0.045, 0.0696045, 0.00507111, 0.0830126, 0.0189946
33, 0.05, 0.0762248, 0.006011, 0.0899736, 0.0223179
33, 0.055, 0.0827235, 0.007028, 0.09668, 0.0257779
33, 0.06, 0.0891173, 0.00812005, 0.103169, 0.0293694
33, 0.065, 0.0954206, 0.00928549, 0.109472, 0.0330902
33, 0.07, 0.101646, 0.010523, 0.115615, 0.0369398
33, 0.075, 0.107803, 0.0118313, 0.121623, 0.0409193
33, 0.08, 0.113903, 0.0132097, 0.127516, 0.0450309
33, 0.085, 0.119953, 0.0146572, 0.133312, 0.0492781
33, 0.09, 0.125962, 0.016173, 0.13903, 0.053666
33, 0.095, 0.131937, 0.0177564, 0.144684, 0.0582009
34, 0, 0.00247134, 0.000744339, 0.00472309, 0.000383694
34, 0.005, 0.0118486, 0.00081026, 0.0119184, 0.00116224
34, 0.01, 0.0212113, 0.00101325, 0.019091, 0.00303902
34, 0.015, 0.0304071, 0.00134923, 0.0259615, 0.00581291
34, 0.02, 0.039346, 0.00181065, 0.0323754, 0.00923249
34, 0.025, 0.0479986, 0.00238918, 0.038295, 0.0130893
34, 0.03, 0.056374, 0.00307723, 0.0437508, 0.0172471
34, 0.035, 0.0644987, 0.00386838, 0.0488002, 0.02163
34, 0.04, 0.0724042, 0.00475741, 0.0535048, 0.0262016
34, 0.045, 0.0801212, 0.00574006, 0.0579204, 0.0309479
34, 0.05, 0.0876767, 0.0068129, 0.0620945, 0.0358666
34, 0.055, 0.0950943, 0.00797315, 0.0660662, 0.0409609
34, 0.06, 0.102393, 0.00921864, 0.0698676, 0.046236
34, 0.065, 0.109591, 0.0105477, 0.0735249, 0.0516977
34, 0.07, 0.1167, 0.0119591, 0.0770598, 0.0573521
34, 0.075, 0.123734, 0.013452, 0.0804908, 0.0632048
34, 0.08, 0.130702, 0.0150258, 0.0838338, 0.0692623
34, 0.085, 0.137615, 0.0166804, 0.0871032, 0.0755316
34, 0.09, 0.144481, 0.0184154, 0.0903126, 0.0820212
34, 0.095, 0.15131, 0.0202309, 0.093475, 0.0887419
35, 0, 0.00201659, 0.000731767, -0.000468105, 0.000462626
35, 0.005, 0.0115011, 0.00079755, 0.00630371, 0.00054145
35, 0.01, 0.0209489, 0.00100223, 0.0129068, 0.00108821
35, 0.015, 0.0302121, 0.00134077, 0.0191583, 0.00202229
35, 0.02, 0.0392022, 0.00180461, 0.0249627, 0.00324807
35, 0.025, 0.0478887, 0.00238434, 0.0303015, 0.00468524
35, 0.03, 0.0562791, 0.00307134, 0.0352028, 0.00627827
35, 0.035, 0.0643995, 0.0038583, 0.0397153, 0.00799304
35, 0.04, 0.0722821, 0.00473919, 0.0438927, 0.00981019
35, 0.045, 0.079959, 0.00570903, 0.0477866, 0.0117195
35, 0.05, 0.0874594, 0.00676373, 0.0514426, 0.0137161
35, 0.055, 0.0948089, 0.00789985, 0.0549006, 0.015798
35, 0.06, 0.10203, 0.0091145, 0.0581939, 0.0179652
35, 0.065, 0.10914, 0.0104052, 0.0613509, 0.0202183
35, 0.07, 0.116157, 0.0117699, 0.0643951, 0.0225585
35, 0.075, 0.123094, 0.0132067, 0.0673466, 0.0249873
35, 0.08, 0.129962, 0.0147141, 0.0702223, 0.0275065
35, 0.085, 0.136773, 0.0162905, 0.0730371, 0.0301183
35, 0.09, 0.143536, 0.0179347, 0.0758039, 0.0328249
35, 0.095, 0.15026, 0.0196452, 0.0785348, 0.0356293
36, 0, 0.00172899, 0.000656668, 0.00602417, 0.000283068
36, 0.005, 0.0152864, 0.000752104, -0.00517759, 0.000698539
36, 0.01, 0.0286864, 0.00104426, -0.0157954, 0.00242579
36, 0.015, 0.0416795, 0.0015211, -0.0256561, 0.00531163
36, 0.02, 0.0541554, 0.00216581, -0.0347258, 0.0091861
36, 0.025, 0.0661093, 0.00296201, -0.0430606, 0.0139049
36, 0.03, 0.0775899, 0.00389578, -0.0507559, 0.0193606
36, 0.035, 0.0886628, 0.00495592, -0.0579158, 0.0254785
36, 0.04, 0.0993938, 0.0061335, -0.0646376, 0.0322086
36, 0.045, 0.109842, 0.00742126, -0.0710061, 0.0395188
36, 0.05, 0.120057, 0.00881324, -0.0770935, 0.0473891
36, 0.055, 0.130083, 0.0103044, -0.0829598, 0.0558085
36, 0.06, 0.139954, 0.0118904, -0.0886549, 0.0647722
36, 0.065, 0.149702, 0.0135674, -0.0942209, 0.0742801
36, 0.07, 0.159351, 0.0153318, -0.0996934, 0.0843362
36, 0.075, 0.168924, 0.0171804, -0.105103, 0.0949474
36, 0.08, 0.178441, 0.01911, -0.110477, 0.106124
36, 0.085, 0.187919, 0.0211174, -0.115839, 0.117879
36, 0.09, 0.197373, 0.0231995, -0.121212, 0.130227
36, 0.095, 0.206818, 0.0253529, -0.126615, 0.143187
37, 0, 0.00182685, 0.000640769, 0.00447067, 7.29122e-05
37, 0.005, 0.01138, 0.000707012, 0.00607029, 0.00038415
37, 0.01, 0.0208899, 0.000913161, 0.00778032, 0.00124101
37, 0.015, 0.0302068, 0.00125383, 0.00949829, 0.00253405
37, 0.02, 0.0392449, 0.00172016, 0.011174, 0.00412936
37, 0.025, 0.047978, 0.00230261, 0.0128004, 0.00591641
37, 0.03, 0.0564171, 0.00299255, 0.0143897, 0.00782238
37, 0.035, 0.0645901, 0.00378274, 0.0159571, 0.00980619
37, 0.04, 0.0725302, 0.00466725, 0.0175153, 0.0118479
37, 0.045, 0.0802694, 0.00564124, 0.0190727, 0.0139402
37, 0.05, 0.0878367, 0.00670078, 0.0206344, 0.0160822
37, 0.055, 0.0952573, 0.00784262, 0.0222032, 0.0182768
37, 0.06, 0.102553, 0.0090641, 0.0237802, 0.0205282
37, 0.065, 0.109742, 0.010363, 0.0253657, 0.0228414
37, 0.07, 0.11684, 0.0117375, 0.0269593, 0.0252216
37, 0.075, 0.123862, 0.013186, 0.0285602, 0.0276742
37, 0.08, 0.130821, 0.014707, 0.0301672, 0.0302051
37, 0.085, 0.137727, 0.0162993, 0.0317792, 0.0328205
37, 0.09, 0.144592, 0.0179615, 0.0333944, 0.0355272
37, 0.095, 0.151427, 0.0196921, 0.035011, 0.0383328
38, 0, 0.00167522, 0.000617318, 0.00839618, 7.71087e-05
38, 0.005, 0.0118537, 0.000688013, 0.0167103, 0.000549407
38, 0.01, 0.0219844, 0.000907944, 0.0252517, 0.00190847
38, 0.015, 0.031923, 0.00127177, 0.0337928, 0.00406426
38, 0.02, 0.0415893, 0.00177071, 0.0421646, 0.00691237
38, 0.025, 0.0509599, 0.00239517, 0.0502756, 0.0103677
38, 0.03, 0.0600461, 0.00313629, 0.0580958, 0.0143698
38, 0.035, 0.0688754, 0.00398645, 0.0656318, 0.0188773
38, 0.04, 0.0774803, 0.00493931, 0.0729081, 0.0238616
38, 0.045, 0.0858927, 0.00598962, 0.0799553, 0.0293032
38, 0.05, 0.0941417, 0.00713302, 0.0868046, 0.0351886
38, 0.055, 0.102253, 0.00836588, 0.0934848, 0.0415086
38, 0.06, 0.110248, 0.0096851, 0.100021, 0.0482573
38, 0.065, 0.118147, 0.011088, 0.106436, 0.0554315
38, 0.07, 0.125965, 0.0125724, 0.112749, 0.06303
38, 0.075, 0.133717, 0.014136, 0.118975, 0.0710537
38, 0.08, 0.141416, 0.0157769, 0.12513, 0.0795051
38, 0.085, 0.149074, 0.0174932, 0.131226, 0.0883886
38, 0.09, 0.1567, 0.0192829, 0.137273, 0.0977107
38, 0.095, 0.164306, 0.0211439, 0.143283, 0.107479
39, 0, 0.00250932, 0.000602206, 0.00306894, 0.000299993
39, 0.005, 0.0168679, 0.000697647, 0.00578671, 0.00165582
39, 0.01, 0.0309466, 0.000991989, 0.00923394, 0.00519194
39, 0.015, 0.0443157, 0.00146803, 0.0137216, 0.0101488
39, 0.02, 0.0568839, 0.00210477, 0.0191168, 0.0158631
39, 0.025, 0.0687399, 0.00288509, 0.0251418, 0.0219888
39, 0.03, 0.0800159, 0.00379657, 0.0315539, 0.0283981
39, 0.035, 0.0908325, 0.0048303, 0.0381847, 0.0350641
39, 0.04, 0.101286, 0.00597978, 0.0449279, 0.0419969
39, 0.045, 0.11145, 0.00724019, 0.0517193, 0.0492163
39, 0.05, 0.121381, 0.00860798, 0.0585212, 0.0567421
39, 0.055, 0.131123, 0.0100806, 0.065312, 0.064592
39, 0.06, 0.140708, 0.0116564, 0.0720795, 0.072782
39, 0.065, 0.150167, 0.013334, 0.0788164, 0.0813288
39, 0.07, 0.159526, 0.0151127, 0.0855182, 0.0902524
39, 0.075, 0.16881, 0.0169917, 0.0921815, 0.0995778
39, 0.08, 0.178046, 0.0189697, 0.0988031, 0.109337
39, 0.085, 0.187261, 0.0210449, 0.105379, 0.119572
39, 0.09, 0.196483, 0.0232141, 0.111906, 0.130331
39, 0.095, 0.205742, 0.0254724, 0.118379, 0.141672
40, 0, 0.00273434, 0.000589178, 0.00312947, 0.000528826
40, 0.005, 0.0190446, 0.000702205, 0.00352174, 0.00316478
40, 0.01, 0.0350359, 0.00104463, 0.00431769, 0.00901835
40, 0.015, 0.0502296, 0.00159508, 0.00553207, 0.0174571
40, 0.02, 0.0645253, 0.00232797, 0.00703343, 0.0278234
40, 0.025, 0.0780247, 0.00322282, 0.00868799, 0.0396849
40, 0.03, 0.0908787, 0.00426512, 0.0104089, 0.0528073
40, 0.035, 0.103225, 0.00544479, 0.0121485, 0.0670742
40, 0.04, 0.115174, 0.00675467, 0.0138831, 0.0824299
40, 0.045, 0.126808, 0.00818966, 0.0156014, 0.0988488
40, 0.05, 0.138191, 0.00974613, 0.0172989, 0.116321
40, 0.055, 0.149373, 0.0114216, 0.0189744, 0.134846
40, 0.06, 0.160393, 0.0132145, 0.0206283, 0.154431
40, 0.065, 0.171287, 0.0151238, 0.0222614, 0.175095
40, 0.07, 0.182086, 0.0171485, 0.0238747, 0.196868
40, 0.075, 0.192827, 0.0192875, 0.0254684, 0.219798
40, 0.08, 0.203542, 0.0215386, 0.0270421, 0.243949
40, 0.085, 0.214272, 0.023898, 0.0285944, 0.269403
40, 0.09, 0.225054, 0.0263596, 0.0301228, 0.296256
40, 0.095, 0.235926, 0.0289141, 0.0316234, 0.324615
41, 0, 0.00471368, 0.000412117, 0.00201962, 0.00012225
41, 0.005, 0.0177482, 0.0004992, 0.0140531, 0.000879528
41, 0.01, 0.0309468, 0.000780176, 0.0259766, 0.00298746
41, 0.015, 0.0437421, 0.00125245, 0.0372149, 0.00611302
41, 0.02, 0.0558596, 0.0019042, 0.0475338, 0.00986544
41, 0.025, 0.0673101, 0.00271953, 0.0570017, 0.0140094
41, 0.03, 0.0781908, 0.00369299, 0.0657396, 0.0184204
41, 0.035, 0.0885669, 0.00483899, 0.0737909, 0.0229814
41, 0.04, 0.0984774, 0.0062012, 0.0811324, 0.0275557
41, 0.045, 0.10801, 0.00786799, 0.0877667, 0.0320436
41, 0.05, 0.117424, 0.00998771, 0.0938872, 0.0365228
41, 0.055, 0.127237, 0.0127567, 0.100054, 0.0414144
41, 0.06, 0.138161, 0.0163281, 0.107205, 0.0475384
41, 0.065, 0.150764, 0.0206091, 0.116314, 0.0559277
41, 0.07, 0.164875, 0.0250379, 0.127636, 0.0672406
41, 0.075, 0.17891, 0.0286265, 0.139719, 0.0804993
41, 0.08, 0.188538, 0.0297718, 0.147972, 0.0903967
41, 0.085, 0.187444, 0.0216413, 0.149927, 0.0939984
41, 0.09, 0.150315, 0.0210993, 0.138275, 0.0994057
41, 0.095, 0.160859, 0.0226945, 0.147792, 0.112448
42, 0, 0.00520437, 0.000365082, 0.00349262, 0.000253066
42, 0.005, 0.0200604, 0.000505214, 0.0308229, 0.00153839
42, 0.01, 0.0349709, 0.000820564, 0.0577829, 0.00467202
42, 0.015, 0.0497726, 0.00133719, 0.0836431, 0.00952718
42, 0.02, 0.0641863, 0.00214797, 0.10683, 0.0157441
42, 0.025, 0.0780743, 0.0031832, 0.128271, 0.0231086
42, 0.03, 0.0914862, 0.00449832, 0.147947, 0.0314215
42, 0.035, 0.10456, 0.0062356, 0.165823, 0.0405547
42, 0.04, 0.117777, 0.00867244, 0.182632, 0.0507833
42, 0.045, 0.132188, 0.0121694, 0.200813, 0.0633049
42, 0.05, 0.148871, 0.016762, 0.223913, 0.0800388
42, 0.055, 0.166969, 0.0213853, 0.252362, 0.10109
42, 0.06, 0.179771, 0.0229643, 0.274186, 0.117495
42, 0.065, 0.139833, 0.0120581, 0.256638, 0.0928035
42, 0.07, 0.146063, 0.017632, 0.276606, 0.108523
42, 0.075, 0.158454, 0.01814, 0.295574, 0.123606
42, 0.08, 0.170923, 0.0186372, 0.3143, 0.139621
42, 0.085, 0.183553, 0.019472, 0.333908, 0.157383
42, 0.09, 0.196215, 0.0206305, 0.354132, 0.176784
42, 0.095, 0.208818, 0.0220538, 0.37466, 0.197631
43, 0, 0.00379221, 0.000308559, 0.000985547, 0.000209836
43, 0.005, 0.0194714, 0.000425563, 0.00751381, 0.00386576
43, 0.01, 0.0354278, 0.000793769, 0.0140448, 0.0131516
43, 0.015, 0.0512565, 0.00141567, 0.0203276, 0.0268788
43, 0.02, 0.066724, 0.00227428, 0.0262372, 0.0440246
43, 0.025, 0.0817791, 0.00336553, 0.0317747, 0.063947
43, 0.03, 0.0964385, 0.00470734, 0.0369621, 0.0861654
43, 0.035, 0.110762, 0.00634514, 0.0418283, 0.110353
43, 0.04, 0.124899, 0.00835129, 0.0464585, 0.13661
43, 0.045, 0.139141, 0.0108059, 0.0510571, 0.165873
43, 0.05, 0.153887, 0.0137389, 0.055945, 0.200056
43, 0.055, 0.169403, 0.0170334, 0.0614139, 0.241394
43, 0.06, 0.18548, 0.0203638, 0.0674612, 0.290709
43, 0.065, 0.201309, 0.0232881, 0.0736443, 0.34548
43, 0.07, 0.215763, 0.0254128, 0.0792408, 0.39953
43, 0.075, 0.22623, 0.0254869, 0.0828308, 0.438211
43, 0.08, 0.203165, 0.0190008, 0.0784461, 0.409401
43, 0.085, 0.213472, 0.022795, 0.0826109, 0.45647
43, 0.09, 0.227383, 0.0249933, 0.088037, 0.516864
43, 0.095, 0.241103, 0.0267642, 0.0930395, 0.576094
44, 0, 0.00505413, 0.000283322, -8.1496e-05, 0.000169714
44, 0.005, 0.0253759, 0.000439525, 0.000409916, 0.00391786
44, 0.01, 0.0454955, 0.000905139, 0.00379284, 0.013273
44, 0.015, 0.0643972, 0.00165127, 0.0103326, 0.0261323
44, 0.02, 0.0820697, 0.00264759, 0.018247, 0.0411992
44, 0.025, 0.0986635, 0.00391353, 0.0266271, 0.057539
44, 0.03, 0.114308, 0.00556628, 0.0350475, 0.0741369
44, 0.035, 0.12968, 0.00790032, 0.0429181, 0.091068
44, 0.04, 0.146816, 0.0113512, 0.0497977, 0.112378
44, 0.045, 0.167927, 0.0158052, 0.0558669, 0.146159
44, 0.05, 0.189451, 0.0193129, 0.0612989, 0.190057
44, 0.055, 0.203804, 0.020208, 0.0676967, 0.222775
44, 0.06, 0.160899, 0.0146342, 0.0752035, 0.206564
44, 0.065, 0.175962, 0.0151232, 0.0818384, 0.237427
44, 0.07, 0.191222, 0.015746, 0.0883698, 0.271086
44, 0.075, 0.206883, 0.0167735, 0.0947448, 0.310065
44, 0.08, 0.22264, 0.0181361, 0.101054, 0.353456
44, 0.085, 0.238333, 0.0197497, 0.107342, 0.400414
44, 0.09, 0.253922, 0.0215549, 0.113624, 0.450472
44, 0.095, 0.269422, 0.023516, 0.119907, 0.503429
45, 0, 0.00390615, 0.00026194, -0.00299526, 0.000185999
45, 0.005, 0.0181174, 0.000391351, 0.00786644, 0.00101988
45, 0.01, 0.0323042, 0.000745765, 0.0177211, 0.00352733
45, 0.015, 0.0460383, 0.00130679, 0.0265932, 0.00715055
45, 0.02, 0.059309, 0.00207121, 0.0346058, 0.0115506
45, 0.025, 0.0721867, 0.00306635, 0.0417391, 0.0164781
45, 0.03, 0.0847819, 0.00436789, 0.047863, 0.0217121
45, 0.035, 0.0973486, 0.0061125, 0.0529816, 0.0272232
45, 0.04, 0.11038, 0.00847225, 0.0575762, 0.0334517
45, 0.045, 0.124457, 0.011511, 0.0627523, 0.0413935
45, 0.05, 0.139633, 0.0149, 0.0697489, 0.0520835
45, 0.055, 0.154546, 0.0177628, 0.0786278, 0.0650679
45, 0.06, 0.164955, 0.0183574, 0.08721, 0.0754046
45, 0.065, 0.138799, 0.0109063, 0.124697, 0.0971028
45, 0.07, 0.144935, 0.0150143, 0.137737, 0.116284
45, 0.075, 0.156917, 0.0161841, 0.146183, 0.131755
45, 0.08, 0.168829, 0.0170995, 0.153466, 0.146172
45, 0.085, 0.180786, 0.0181932, 0.160957, 0.161828
45, 0.09, 0.192759, 0.0194982, 0.168761, 0.178957
45, 0.095, 0.204714, 0.0209959, 0.176817, 0.197486
46, 0, 0.00311577, 0.000283324, 0.00752733, 0.000629899
46, 0.005, 0.0224012, 0.000457155, 0.0213936, 0.0025755
46, 0.01, 0.0409061, 0.000900448, 0.0349125, 0.00825486
46, 0.015, 0.0581709, 0.0015728, 0.0472712, 0.016241
46, 0.02, 0.0743242, 0.00244615, 0.0584677, 0.0256609
46, 0.025, 0.0895881, 0.00350877, 0.0687063, 0.0360556
46, 0.03, 0.104147, 0.00476412, 0.0782033, 0.047158
46, 0.035, 0.118183, 0.00622891, 0.0871912, 0.0588617
46, 0.04, 0.131944, 0.00792769, 0.0959703, 0.07133
46, 0.045, 0.145782, 0.00987867, 0.10492, 0.0851182
46, 0.05, 0.160097, 0.0120661, 0.114408, 0.101165
46, 0.055, 0.175176, 0.0144093, 0.124604, 0.120523
46, 0.06, 0.190974, 0.0167602, 0.135281, 0.1438
46, 0.065, 0.20705, 0.0189592, 0.145815, 0.170605
46, 0.07, 0.22276, 0.0209117, 0.15547, 0.199544
46, 0.075, 0.237485, 0.0225798, 0.16359, 0.228632
46, 0.08, 0.250263, 0.0237357, 0.168922, 0.254739
46, 0.085, 0.263858, 0.0241896, 0.173932, 0.288838
46, 0.09, 0.249135, 0.021474, 0.112605, 0.374063
46, 0.095, 0.263298, 0.0238935, 0.119334, 0.417405
47, 0, 0.00270431, 0.000364907, 0.00696486, 0.000230163
47, 0.005, 0.0201422, 0.000529135, -0.0165204, 0.00432963
47, 0.01, 0.0369919, 0.000934469, -0.0363353, 0.0157575
47, 0.015, 0.0529296, 0.00155159, -0.0526876, 0.0327366
47, 0.02, 0.0679956, 0.00235664, -0.0666053, 0.0539881
47, 0.025, 0.0823318, 0.0033332, -0.0789304, 0.0787588
47, 0.03, 0.0960805, 0.00447167, -0.0901996, 0.106612
47, 0.035, 0.109364, 0.00576776, -0.100748, 0.137296
47, 0.04, 0.122294, 0.00722067, -0.110818, 0.170717
47, 0.045, 0.134986, 0.0088308, -0.120627, 0.206957
47, 0.05, 0.147568, 0.0105969, -0.13041, 0.246321
47, 0.055, 0.160179, 0.0125121, -0.140424, 0.289346
47, 0.06, 0.172953, 0.0145598, -0.150941, 0.336768
47, 0.065, 0.185996, 0.0167112, -0.162204, 0.389408
47, 0.07, 0.199357, 0.0189261, -0.174384, 0.447984
47, 0.075, 0.213013, 0.0211595, -0.187525, 0.512913
47, 0.08, 0.226873, 0.0233732, -0.201532, 0.584167
47, 0.085, 0.240811, 0.025545, -0.216191, 0.661291
47, 0.09, 0.2547, 0.027674, -0.231239, 0.743576
47, 0.095, 0.268449, 0.0297765, -0.246428, 0.83028
48, 0, 0.00267157, 0.000368858, -0.000289344, 0.000307821
48, 0.005, 0.0119982, 0.000479292, -8.01588e-05, 0.00120606
48, 0.01, 0.0212168, 0.00072514, -0.000208221, 0.00305106
48, 0.015, 0.0301896, 0.00109689, -0.000720063, 0.0056791
48, 0.02, 0.038877, 0.00158899, -0.00155715, 0.00894817
48, 0.025, 0.0472814, 0.00219798, -0.00263331, 0.0127571
48, 0.03, 0.0554215, 0.00292318, -0.00387126, 0.0170361
48, 0.035, 0.0633212, 0.00376729, -0.00521129, 0.0217368
48, 0.04, 0.0710084, 0.00473647, -0.0066077, 0.0268298
48, 0.045, 0.0785199, 0.00583978, -0.00802353, 0.0323084
48, 0.05, 0.0859055, 0.00708775, -0.00942798, 0.0381955
48, 0.055, 0.0932301, 0.00848993, -0.0107967, 0.0445474
48, 0.06, 0.100571, 0.0100511, -0.0121128, 0.0514534
48, 0.065, 0.108008, 0.0117664, -0.0133671, 0.0590244
48, 0.07, 0.11561, 0.0136162, -0.0145557, 0.0673726
48, 0.075, 0.123418, 0.0155633, -0.0156781, 0.0765807
48, 0.08, 0.13143, 0.017554, -0.0167351, 0.0866682
48, 0.085, 0.139595, 0.0195252, -0.0177301, 0.0975635
48, 0.09, 0.147819, 0.0214162, -0.0186722, 0.109097
48, 0.095, 0.155984, 0.023182, -0.0195789, 0.121026
49, 0, 0.00236762, 0.000377172, -0.00351491, 0.00154617
49, 0.005, 0.011538, 0.000499494, 0.00853616, 0.00390305
49, 0.01, 0.0204601, 0.000737937, 0.0206107, 0.00823426
49, 0.015, 0.0290492, 0.00109002, 0.0326539, 0.01426
49, 0.02, 0.037287, 0.00155129, 0.0445692, 0.0216997
49, 0.025, 0.045196, 0.00211845, 0.0562693, 0.0303332
49, 0.03, 0.0528145, 0.00279084, 0.0676954, 0.0400091
49, 0.035, 0.0601849, 0.00357089, 0.078816, 0.0506368
49, 0.04, 0.067354, 0.00446346, 0.0896254, 0.0621841
49, 0.045, 0.0743766, 0.00547425, 0.100149, 0.07468
49, 0.05, 0.0813172, 0.00660758, 0.110445, 0.0882156
49, 0.055, 0.0882465, 0.00786368, 0.120609, 0.102932
49, 0.06, 0.0952342, 0.00923562, 0.130757, 0.118998
49, 0.065, 0.102339, 0.0107067, 0.141017, 0.136568
49, 0.07, 0.1096, 0.0122495, 0.1515, 0.155737
49, 0.075, 0.117022, 0.0138275, 0.162285, 0.176493
49, 0.08, 0.124579, 0.0153999, 0.173402, 0.198692
49, 0.085, 0.132214, 0.0169295, 0.184827, 0.222054
49, 0.09, 0.139852, 0.0183896, 0.196496, 0.246215
49, 0.095, 0.147416, 0.0197681, 0.208324, 0.270796
50, 0, 0.00115066, 0.000424136, -0.00319519, 0.000637259
50, 0.005, 0.0105447, 0.000498317, 0.0109172, 0.00152375
50, 0.01, 0.0198111, 0.000713153, 0.0244593, 0.00552143
50, 0.015, 0.0288095, 0.00106077, 0.0372335, 0.0119457
50, 0.02, 0.0375121, 0.00153192, 0.0492441, 0.0202042
50, 0.025, 0.0459487, 0.00211907, 0.0605942, 0.029925
50, 0.03, 0.0541643, 0.00281675, 0.0714093, 0.0409072
50, 0.035, 0.0622017, 0.003621, 0.0818048, 0.0530515
50, 0.04, 0.0700974, 0.00452883, 0.0918773, 0.0663174
50, 0.045, 0.0778823, 0.0055377, 0.101707, 0.0807002
50, 0.05, 0.0855828, 0.00664515, 0.111362, 0.0962212
50, 0.055, 0.0932223, 0.00784835, 0.1209, 0.112923
50, 0.06, 0.100822, 0.00914389, 0.130375, 0.130867
50, 0.065, 0.1084, 0.0105275, 0.139833, 0.15013
50, 0.07, 0.115973, 0.011994, 0.149316, 0.170804
50, 0.075, 0.123556, 0.0135371, 0.158863, 0.192991
50, 0.08, 0.131162, 0.0151497, 0.168506, 0.216798
50, 0.085, 0.138798, 0.0168239, 0.17827, 0.242337
50, 0.09, 0.146472, 0.0185514, 0.188175, 0.269711
50, 0.095, 0.154187, 0.0203238, 0.198233, 0.299016
